x_1 Coordinate,x_2 Coordinate,Threat Intensity,Threat Gradient x_1,Threat Gradient x_2,Value
-1,-1,1.09284954364079,-1.72991477251654,0.102737820752519,38.1910038821013
-0.916666666666667,-1,0.963196878044602,-1.32473697146506,-0.0716710110711727,37.2278070040567
-0.833333333333333,-1,0.868702444711514,-0.889065338920803,-0.264273489022748,36.3591045593452
-0.75,-1,0.810524135964728,-0.459034871492625,-0.462445845280213,35.5485804233805
-0.666666666666667,-1,0.787146996189884,-0.0611680008746118,-0.65081529165929,34.7796372108597
-0.583333333333333,-1,0.795249036711111,0.289227951713067,-0.811705833174281,34.1978795640294
-0.5,-1,0.830669357621195,0.588811758592556,-0.925731058114898,33.877923768906
-0.416666666666667,-1,0.889403447804723,0.845927844739169,-0.972475635156889,33.9162548691074
-0.333333333333333,-1,0.968523802807575,1.07882062822628,-0.931209691932389,34.5386625146247
-0.25,-1,1.06687952685566,1.31178542550663,-0.781694034490421,35.5071863174323
-0.166666666666667,-1,1.18538880777754,1.56895888506923,-0.505363802088343,36.5740658442879
-0.0833333333333334,-1,1.32673662522465,1.86617875122423,-0.0874081029296203,37.7594546520655
0,-1,1.49436655834954,2.20251706379275,0.479748488333209,39.0861912772901
0.0833333333333333,-1,1.690836919319,2.55434407667285,1.1915630616939,40.5805578356397
0.166666666666667,-1,1.91587723682507,2.87530729233605,2.02612247776039,42.2713947549587
0.25,-1,2.16473576594917,3.10449380461053,2.94070870320113,44.1872719917837
0.333333333333333,-1,2.42749787179147,3.18201045771698,3.8728520248104,46.3520077577329
0.416666666666667,-1,2.6898477470357,3.06732266517837,4.74761833088047,48.7795056295244
0.5,-1,2.93524719952977,2.75316525109477,5.4905005657568,51.4693533765601
0.583333333333333,-1,3.14791221589133,2.26874540900868,6.04245191120882,54.4046005760898
0.666666666666667,-1,3.31559122026546,1.67049370690346,6.37193654115293,57.5525127919812
0.75,-1,3.4312214642409,1.02448473553411,6.47959635417585,60.8681040122466
0.833333333333333,-1,3.49304530325374,0.388374495931743,6.39408896146385,64.2993254764875
0.916666666666667,-1,3.50343087297506,-0.199909067315485,6.16128762569312,67.7923707797413
1,-1,3.46710453935435,-0.723765545221022,5.83138223316264,71.2958016527163
-1,-0.916666666666667,1.09185341623819,-1.85095452973365,-0.159811301465207,37.3433404726132
-0.916666666666667,-0.916666666666667,0.95108878958915,-1.47202442047469,-0.240711276361638,36.392251683024
-0.833333333333333,-0.916666666666667,0.843671259643538,-1.05171952848874,-0.347699090400255,35.5485804233805
-0.75,-0.916666666666667,0.771782779333492,-0.623057399223659,-0.468998245088081,34.776797644047
-0.666666666666667,-0.916666666666667,0.7351750528232,-0.209928227951006,-0.589710653187281,34.0444621580365
-0.583333333333333,-0.916666666666667,0.731992069416432,0.174437475652667,-0.692428205133366,33.465887494613
-0.5,-0.916666666666667,0.759690881279414,0.528202972055969,-0.757771734621715,33.1182328876266
-0.416666666666667,-0.916666666666667,0.815990355637205,0.860681890199277,-0.764797107277404,33.1002645134702
-0.333333333333333,-0.916666666666667,0.899748012004313,1.19055148927556,-0.691284033609585,33.6389145026204
-0.25,-0.916666666666667,1.01160807484041,1.54174022963978,-0.514119420554349,34.5386625146247
-0.166666666666667,-0.916666666666667,1.1542020157706,1.9364018278031,-0.210296272362887,35.5502705894651
-0.0833333333333334,-0.916666666666667,1.33166067365951,2.38526636483294,0.24068091772298,36.7044726052357
0,-0.916666666666667,1.54827681764795,2.87729516016779,0.852267253219119,38.0361332788952
0.0833333333333333,-0.916666666666667,1.80638882177236,3.37246714516175,1.62423610455955,39.5844100965432
0.166666666666667,-0.916666666666667,2.10392167212958,3.80247288485265,2.53533786294211,41.3907989183155
0.25,-0.916666666666667,2.43238650770091,4.08264081766236,3.53820515738321,43.4947205904451
0.333333333333333,-0.916666666666667,2.77627490423892,4.13406950007094,4.56008187110082,45.927107098146
0.416666666666667,-0.916666666666667,3.11448837027801,3.90922549639745,5.5117254003171,48.7033820023849
0.5,-0.916666666666667,3.42371873981869,3.41053821837329,6.30370353222425,51.817870372663
0.583333333333333,-0.916666666666667,3.68283305782449,2.69292352280135,6.8655900385505,55.2415891124816
0.666666666666667,-0.916666666666667,3.8767820130397,1.84800465873209,7.16138482434276,58.9244221703061
0.75,-0.916666666666667,3.99869183784393,0.976583636667394,7.19542519596774,62.8012041833458
0.833333333333333,-0.916666666666667,4.04958488519178,0.161382866784177,7.00691124605752,66.7998960211898
0.916666666666667,-0.916666666666667,4.03618086897151,-0.549078446869711,6.65590418039113,70.8494809063815
1,-0.916666666666667,3.96791547921646,-1.14130708995046,6.20670570070394,74.7629061920707
-1,-0.833333333333333,1.0689620965911,-1.87653017436349,-0.416814087760198,36.5131492960201
-0.916666666666667,-0.833333333333333,0.924800315873939,-1.53071139592478,-0.40810105800132,35.5883489801462
-0.833333333333333,-0.833333333333333,0.811551336099189,-1.13390979032173,-0.432359251861814,34.776797644047
-0.75,-0.833333333333333,0.732335486010514,-0.715527296901852,-0.479037371683744,34.0444621580365
-0.666666666666667,-0.833333333333333,0.688117056094697,-0.296565934640625,-0.534078433228502,33.3563451019418
-0.583333333333333,-0.833333333333333,0.678469741043912,0.112020674258317,-0.580702648383213,32.7874177535691
-0.5,-0.833333333333333,0.702453555832655,0.510267181716129,-0.599929825730261,32.4157793317939
-0.416666666666667,-0.833333333333333,0.759538403211562,0.909180595914227,-0.570766766082365,32.3407261102587
-0.333333333333333,-0.833333333333333,0.85047087635768,1.32903252995069,-0.470132409191959,32.7884436262627
-0.25,-0.833333333333333,0.977904688844301,1.79487195661273,-0.27286518557792,33.6389145026204
-0.166666666666667,-0.833333333333333,1.14652491116642,2.32831854566977,0.047467466493778,34.6168191914647
-0.0833333333333334,-0.833333333333333,1.3623503412216,2.93579522989116,0.515939255257747,35.7633441026311
0,-0.833333333333333,1.63098638558846,3.59558686728114,1.15092628435154,37.1256944438527
0.0833333333333333,-0.833333333333333,1.95490037650301,4.24881775869839,1.95607912362528,38.7566808294412
0.166666666666667,-0.833333333333333,2.33028515570333,4.80089554848573,2.91131917923848,40.7115812059442
0.25,-0.833333333333333,2.7445813586605,5.13807315805934,3.96640354218345,43.0418663616475
0.333333333333333,-0.833333333333333,3.17592093253271,5.15776469042453,5.04134646118093,45.786447720308
0.416666666666667,-0.833333333333333,3.59534693797299,4.80325561056087,6.03652082911896,48.9623686528407
0.5,-0.833333333333333,3.97165596451261,4.0882228958115,6.85155086465543,52.5577155908137
0.583333333333333,-0.833333333333333,4.27751028129035,3.09850615432969,7.4077033949866,56.5293715553263
0.666666666666667,-0.833333333333333,4.49473480290879,1.96828632728163,7.66590526216762,60.8068818366167
0.75,-0.833333333333333,4.61693989274556,0.840257058593608,7.63362143687827,65.3016166395254
0.833333333333333,-0.833333333333333,4.64874538607349,-0.172990524115058,7.35837812503028,69.918556532271
0.916666666666667,-0.833333333333333,4.60231655252427,-1.01098967551394,6.91130046575132,74.5673019183445
1,-0.833333333333333,4.49288316769676,-1.66516641417847,6.36762609822279,78.7308216712872
-1,-0.75,1.02586818643779,-1.81506984954087,-0.633952710435359,35.7066875513539
-0.916666666666667,-0.75,0.885368319656691,-1.50800512169471,-0.548213776757789,34.8213192316973
-0.833333333333333,-0.75,0.772815367974524,-1.1419030280525,-0.501212870608281,34.0485038637227
-0.75,-0.75,0.692158761780934,-0.742052829219442,-0.483763438775597,33.3563451019418
-0.666666666666667,-0.75,0.645497908925894,-0.326315302933566,-0.482797945427982,32.7108471930159
-0.583333333333333,-0.75,0.633774832015446,0.0967825531541955,-0.482372398637054,32.1536429215536
-0.5,-0.75,0.657605462002704,0.52938342702552,-0.46427067853213,31.7581738697912
-0.416666666666667,-0.75,0.718191986661897,0.984684909364064,-0.408102822290191,31.6225341235968
-0.333333333333333,-0.75,0.818205339096977,1.48539746264729,-0.291004306399834,31.9702382871657
-0.25,-0.75,0.962425845102172,2.05881968999232,-0.0873715587331514,32.7884436262627
-0.166666666666667,-0.75,1.1578070330475,2.72720124684609,0.230522249272247,33.7508694713649
-0.0833333333333334,-0.75,1.41255665906725,3.49343511539801,0.689888958444285,34.9086765044124
0,-0.75,1.73392950493285,4.32502657894536,1.31179434623934,36.3212331634796
0.0833333333333333,-0.75,2.12480576933582,5.14289315474286,2.10256040580199,38.0551626684125
0.166666666666667,-0.75,2.57976984918806,5.82355850287879,3.04404234603965,40.1799684377483
0.25,-0.75,3.08206719060252,6.22088929563374,4.08656516887236,42.7597382869364
0.333333333333333,-0.75,3.60307305372163,6.20562246250569,5.14908759777741,45.8418054775389
0.416666666666667,-0.75,4.10537294038316,5.710364179909,6.12960698956293,49.4448785312605
0.5,-0.75,4.54922534749782,4.76083686985529,6.92489348706582,53.5502514716436
0.583333333333333,-0.75,4.90059840093734,3.47688203813261,7.45398826886259,58.0994768191415
0.666666666666667,-0.75,5.13801720425208,2.0396804678767,7.67717004944721,63.0000752200788
0.75,-0.75,5.25577969813158,0.638175088604775,7.60324816798992,68.1380924243309
0.833333333333333,-0.75,5.26262485218703,-0.582245629312617,7.28282340661544,73.3938721224625
0.916666666666667,-0.75,5.17685335644396,-1.54835567165836,6.79103668261094,78.6564969746495
1,-0.75,5.02017089222729,-2.25765411469983,6.20711291251714,83.2237048389839
-1,-0.666666666666667,0.967235974482018,-1.68264604910073,-0.774480404432065,34.9288458743026
-0.916666666666667,-0.666666666666667,0.836152921014994,-1.41901705875513,-0.630793783220185,34.0926929532876
-0.833333333333333,-0.666666666666667,0.729599605154857,-1.08984240605812,-0.530956992279819,33.3630933481327
-0.75,-0.666666666666667,0.652246155116819,-0.715797760715531,-0.466923368669425,32.7108471930159
-0.666666666666667,-0.666666666666667,0.607249330856617,-0.311398962213283,-0.426406522287337,32.1035978621593
-0.583333333333333,-0.666666666666667,0.596849936820947,0.117242462854761,-0.39423035330971,31.5567929847327
-0.5,-0.666666666666667,0.623145895000999,0.574303051093716,-0.353186868361777,31.1350279747902
-0.416666666666667,-0.666666666666667,0.688994043846861,1.07519006219001,-0.284240078183884,30.9335400797499
-0.333333333333333,-0.666666666666667,0.798920388735121,1.64526885758535,-0.166189683003926,31.1713178984306
-0.25,-0.666666666666667,0.959788787210381,2.31452339835851,0.0247319473899776,31.9702382871657
-0.166666666666667,-0.666666666666667,1.18082115278363,3.10643652917908,0.314461947247957,32.9300270743761
-0.0833333333333334,-0.666666666666667,1.47246772714097,4.0210455277931,0.728786134343484,34.1108482271597
0,-0.666666666666667,1.84374184928265,5.01571760565565,1.28817073107594,35.5833159543007
0.0833333333333333,-0.666666666666667,2.29809539093617,5.99168699063424,1.99977682489578,37.4270578035834
0.166666666666667,-0.666666666666667,2.8287005598013,6.7969395626458,2.84837890076366,39.7251531945195
0.25,-0.666666666666667,3.41482500905542,7.25308595949743,3.78969955776483,42.5538537543208
0.333333333333333,-0.666666666666667,4.02130690323862,7.20407754877073,4.75038713466915,45.9686787633763
0.416666666666667,-0.666666666666667,4.60247590538667,6.57149509095172,5.63743207070075,49.9899856666149
0.5,-0.666666666666667,5.11021764208891,5.39256408870532,6.35621480487343,54.5924615720015
0.583333333333333,-0.666666666666667,5.5039215349901,3.82048244074573,6.83210552248656,59.7026792140904
0.666666666666667,-0.666666666666667,5.75887460552714,2.08281355200137,7.02801577606431,65.2066007490805
0.75,-0.666666666666667,5.87007766434854,0.414289369371268,6.95132947542314,70.9654753546077
0.833333333333333,-0.666666666666667,5.85037401485087,-1.00713275638808,6.64799022436338,76.8355530189562
0.916666666666667,-0.666666666666667,5.72417440927059,-2.09547501723018,6.18689093509754,82.6859270338071
1,-0.666666666666667,5.51964008782647,-2.85418518885834,5.64119378421895,88.2438757312112
-1,-0.583333333333333,0.900777119230085,-1.5002515751079,-0.802777779760244,34.1880078459961
-0.916666666666667,-0.583333333333333,0.783116500822693,-1.28467082578948,-0.624060932381965,33.4048913451735
-0.833333333333333,-0.583333333333333,0.686136968058121,-0.998182916861912,-0.494698848048147,32.7187543771153
-0.75,-0.583333333333333,0.615156514956038,-0.656304944693908,-0.407083808146513,32.1035978621593
-0.666666666666667,-0.583333333333333,0.574346210436622,-0.270097152683402,-0.349005456627061,31.5292516517227
-0.583333333333333,-0.583333333333333,0.567196264073556,0.156447828116568,-0.305565133830776,30.9895967206591
-0.5,-0.583333333333333,0.597201234780292,0.628966016756638,-0.260532507261979,30.5378267400099
-0.416666666666667,-0.583333333333333,0.66873400141387,1.16438187705639,-0.196890795508753,30.264806078336
-0.333333333333333,-0.583333333333333,0.78797933161019,1.79004811401406,-0.09666350320503,30.3833385668204
-0.25,-0.583333333333333,0.963637619833701,2.53813013379041,0.0595120895984458,31.1713178984306
-0.166666666666667,-0.583333333333333,1.20692170823398,3.43320106620051,0.292270796576743,32.1349555182643
-0.0833333333333334,-0.583333333333333,1.53025705967223,4.47297083940739,0.621910403543335,33.3418772264983
0,-0.583333333333333,1.94422844336981,5.60625151857985,1.06454392822941,34.8721342861705
0.0833333333333333,-0.583333333333333,2.45285186364339,6.71749979099419,1.62604379898053,36.8163627295403
0.166666666666667,-0.583333333333333,3.04816832035886,7.63025352334123,2.29510816118776,39.2692145931837
0.25,-0.583333333333333,3.70611209170336,8.13836663339726,3.03812611357017,42.3173829135426
0.333333333333333,-0.583333333333333,4.38597942378802,8.06255714443829,3.79904633165937,46.0234950052459
0.416666666666667,-0.583333333333333,5.03505511242403,7.31449412137692,4.50637879373517,50.409474429034
0.5,-0.583333333333333,5.59803532013707,5.94065898554312,5.08676713520293,55.444529541458
0.583333333333333,-0.583333333333333,6.02860608776886,4.12223102100659,5.48137134127984,61.042564861595
0.666666666666667,-0.583333333333333,6.29916938001295,2.12611708646335,5.65938898943372,67.0711709493639
0.75,-0.583333333333333,6.40519756470046,0.226267928290813,5.62375421575609,73.3703403293768
0.833333333333333,-0.583333333333333,6.36293549102314,-1.37101321097006,5.40723779652819,79.7755378940773
0.916666666666667,-0.583333333333333,6.20196506280308,-2.56802360466892,5.06114647108777,86.1384733851004
1,-0.583333333333333,5.95598769565355,-3.37238636664559,4.64144453752926,84.2950860251054
-1,-0.5,0.837000752704623,-1.29086686765316,-0.688878785673119,33.4982735725045
-0.916666666666667,-0.5,0.734797798664968,-1.12931854838118,-0.499221218249268,32.7634757738395
-0.833333333333333,-0.5,0.648911512579288,-0.891788430431384,-0.366265748794936,32.1145642612602
-0.75,-0.5,0.585312609537551,-0.587963750247855,-0.281617017065872,31.5292516517227
-0.666666666666667,-0.5,0.549223220586047,-0.225454398814562,-0.231856412533815,30.9800284311366
-0.583333333333333,-0.5,0.545393577457693,0.193175895483944,-0.201338124094719,30.4442031432014
-0.5,-0.5,0.578646952607456,0.673794933218408,-0.174348577119665,29.9591797874025
-0.416666666666667,-0.5,0.654688459944362,1.23328631682995,-0.136232406123404,29.6101176183917
-0.333333333333333,-0.5,0.781042263116438,1.89931814096086,-0.0735348240550326,29.602296303704
-0.25,-0.5,0.967790066088479,2.70472206354867,0.0264044665835739,30.3833385668204
-0.166666666666667,-0.5,1.22757227798479,3.67424690064897,0.17574357038268,31.3511286329089
-0.0833333333333334,-0.5,1.57419208083223,4.80366096779332,0.385633750679704,32.5787009108937
0,-0.5,2.01931343342225,6.03575454219372,0.664455850024037,34.1528929917259
0.0833333333333333,-0.5,2.56733412570277,7.24348995825363,1.01482248274976,36.1722064251482
0.166666666666667,-0.5,3.20952001748855,8.2337645565798,1.43006237378938,38.7395405508509
0.25,-0.5,3.91953112909786,8.78150716600783,1.8915659045414,41.9490605683395
0.333333333333333,-0.5,4.65287746948949,8.69139227789919,2.36861247922695,45.8685916974374
0.416666666666667,-0.5,5.35200354861874,7.86776933141597,2.82177219343893,50.5214691669268
0.5,-0.5,5.9566055824787,6.36249800299566,3.20967763051767,55.8734727155456
0.583333333333333,-0.5,6.4162973569514,4.37475302605561,3.49741201552858,61.8300782980243
0.666666666666667,-0.5,6.70124649170167,2.19744980788477,3.66378954221052,68.2463756549757
0.75,-0.5,6.80693478627181,0.131165356849117,3.70504692494897,74.9476221466773
0.833333333333333,-0.5,6.751638461019,-1.59765290107741,3.63388502785611,81.7545569329491
0.916666666666667,-0.5,6.56827716460176,-2.88168346187208,3.47465149800659,80.5024129343654
1,-0.5,6.29429406652556,-3.72941164525686,3.25676285599332,78.0007919585798
-1,-0.416666666666667,0.788521106629676,-1.07678537248783,-0.414946077179201,32.8771319072486
-0.916666666666667,-0.416666666666667,0.701834202841794,-0.978295427598685,-0.237175009057178,32.1752977044068
-0.833333333333333,-0.416666666666667,0.626375657164062,-0.797727129561321,-0.126730056739477,31.5489220472428
-0.75,-0.416666666666667,0.56889361610614,-0.538030443413628,-0.0727494034852061,30.9800284311366
-0.666666666666667,-0.416666666666667,0.535825287935178,-0.203478243370836,-0.0587980964441237,30.4442031432014
-0.583333333333333,-0.416666666666667,0.533296797051027,0.203650083789253,-0.0669357854615749,29.9109063461504
-0.5,-0.416666666666667,0.567448921303856,0.687499643492095,-0.0810071962841996,29.3917308660986
-0.416666666666667,-0.416666666666667,0.645124555177974,1.26246388544305,-0.0885498037801247,28.9649930632137
-0.333333333333333,-0.416666666666667,0.774780298727286,1.95391153207202,-0.0813123365302704,28.8275160049767
-0.25,-0.416666666666667,0.967259547137275,2.79295786293511,-0.0548053281599126,29.4977310728492
-0.166666666666667,-0.416666666666667,1.23583809578401,3.80300059488148,-0.00742360450840529,30.4649906199864
-0.0833333333333334,-0.416666666666667,1.59483639899886,4.97815634946295,0.0604658936997016,31.7008287157704
0,-0.416666666666667,2.05626254650432,6.25845253819008,0.147321233363273,33.2956651147693
0.0833333333333333,-0.416666666666667,2.62456864751573,7.51240130812008,0.25111705339631,35.3519276612736
0.166666666666667,-0.416666666666667,3.29064022035802,8.5407872302294,0.369924607001648,37.9764963087894
0.25,-0.416666666666667,4.02720887189955,9.11160668382376,0.502237005036399,41.2671365291474
0.333333333333333,-0.416666666666667,4.78829368517268,9.02335739401146,0.646801129595342,45.2943454010469
0.416666666666667,-0.416666666666667,5.51441694609166,8.17681859488708,0.801826345514911,50.0826390862196
0.5,-0.416666666666667,6.14319611985013,6.62430721405194,0.963774719416932,55.5970560323113
0.583333333333333,-0.416666666666667,6.62236694045936,4.56983106812698,1.12631901246996,61.7402521521614
0.666666666666667,-0.416666666666667,6.92075766347826,2.31455462032955,1.28019532740797,68.3626190926208
0.75,-0.416666666666667,7.033267341988,0.168775782369934,1.41438993507279,74.8792333021159
0.833333333333333,-0.416666666666667,6.97838693828923,-1.63206734279013,1.51847220697352,74.9061931539812
0.916666666666667,-0.416666666666667,6.78991948796352,-2.97409927195664,1.58526135982786,73.7124934464019
1,-0.416666666666667,6.50662167849179,-3.8624693334846,1.61277094141177,71.494170280088
-1,-0.333333333333333,0.768738070111349,-0.877458590603875,0.0159295289105743,32.3470732805436
-0.916666666666667,-0.333333333333333,0.695834839889847,-0.85543433966232,0.162409156798027,31.6512384406537
-0.833333333333333,-0.333333333333333,0.628038433083085,-0.742595300620241,0.22685359160145,31.0232000075706
-0.75,-0.333333333333333,0.573148783895524,-0.533914157422966,0.224469668010496,30.4500512236751
-0.666666666666667,-0.333333333333333,0.539144877524698,-0.230512941301952,0.176770837109774,29.9109063461504
-0.583333333333333,-0.333333333333333,0.533786983962048,0.164024855362732,0.105841243185001,29.3771193621884
-0.5,-0.333333333333333,0.564617623305215,0.649481552745246,0.0296182538374379,28.8271132427934
-0.416666666666667,-0.333333333333333,0.639457357711602,1.23454737950814,-0.0409210963998263,28.3255357055021
-0.333333333333333,-0.333333333333333,0.767260509028626,1.93897829274031,-0.102604805213713,28.0602554959481
-0.25,-0.333333333333333,0.958932071835115,2.78925653974196,-0.159403316583795,28.538799001014
-0.166666666666667,-0.333333333333333,1.22747410340319,3.80559716157498,-0.220759083665234,29.4977310728492
-0.0833333333333334,-0.333333333333333,1.58673150666887,4.98073156825904,-0.299091375003058,30.7252051762524
0,-0.333333333333333,2.04819891360968,6.25548957739919,-0.406367500229443,32.3119366829212
0.0833333333333333,-0.333333333333333,2.61597124501812,7.50163649924396,-0.549757953827612,34.3601355965309
0.166666666666667,-0.333333333333333,3.28093121045691,8.52533547797658,-0.727065202362587,36.976106841549
0.25,-0.333333333333333,4.01629767995479,9.10075099106429,-0.923509434972836,40.2570380520059
0.333333333333333,-0.333333333333333,4.77705387142043,9.03105641073108,-1.11187371655239,44.2733357319607
0.416666666666667,-0.333333333333333,5.50494619660089,8.2177721235599,-1.25730432633944,49.0503896033812
0.5,-0.333333333333333,6.13868709828325,6.70867170776006,-1.32618301615848,54.5553357999821
0.583333333333333,-0.333333333333333,6.62654924147339,4.69868532276907,-1.29626991467351,60.6940228982653
0.666666666666667,-0.333333333333333,6.93705552521722,2.47824423664182,-1.16410681505412,66.5757909250069
0.75,-0.333333333333333,7.06395987415159,0.349109899156197,-0.946439581812086,67.8152734279643
0.833333333333333,-0.333333333333333,7.02407468082057,-1.45656663065052,-0.674968592587799,67.8821184731607
0.916666666666667,-0.333333333333333,6.84947763709331,-2.82208125361079,-0.386704423671613,66.8630158093086
1,-0.333333333333333,6.57762047297021,-3.74519377013227,-0.113939005572306,64.9165498071178
-1,-0.25,0.789734104763281,-0.707914765640683,0.570056973783872,31.9365169713792
-0.916666666666667,-0.25,0.727449318224163,-0.780436388715378,0.671210991741955,31.2090676531551
-0.833333333333333,-0.25,0.662783189260693,-0.749140147781813,0.672027199563541,30.5462844638944
-0.75,-0.25,0.605012831246699,-0.599428446409256,0.59368449609345,29.9412716326477
-0.666666666666667,-0.25,0.564152270459312,-0.329484567314875,0.464575269071843,29.3771193621884
-0.583333333333333,-0.25,0.550006119394981,0.053871864302546,0.312607791950958,28.8271132427934
-0.5,-0.25,0.571719004043906,0.542915122245258,0.15887690554226,28.2553942387495
-0.416666666666667,-0.25,0.63800273019138,1.1369377009374,0.0139266774916269,27.6875329753107
-0.333333333333333,-0.25,0.757913649450975,1.8464563947353,-0.123279033432744,27.3023418464971
-0.25,-0.25,0.941739312393749,2.69031094496119,-0.26425545358244,27.5970596886203
-0.166666666666667,-0.25,1.20131875684528,3.68376427587893,-0.428353673575876,28.538799001014
-0.0833333333333334,-0.25,1.54905438135993,4.8184748746501,-0.638701126773844,29.7401177578593
0,-0.25,1.9950921845044,6.03944621300143,-0.916480023880384,31.2891721392193
0.0833333333333333,-0.25,2.54275014225588,7.22878940617808,-1.27359988699776,33.2842643237237
0.166666666666667,-0.25,3.18321018369055,8.20850079187574,-1.70496686873087,35.8270144659795
0.25,-0.25,3.89142292078305,8.77079261268037,-2.18301437618149,39.0102246496701
0.333333333333333,-0.25,4.62552447767614,8.73342646482058,-2.65783075641668,42.9016475704532
0.416666666666667,-0.25,5.33131317748618,8.00283116990226,-3.06506956236738,47.5271720481293
0.5,-0.25,5.95147903519029,6.61818903801157,-3.34078316989785,52.8584852256155
0.583333333333333,-0.25,6.43707305703688,4.75336774861077,-3.4387043246725,57.7409895495816
0.666666666666667,-0.25,6.75735380219137,2.67142115847641,-3.34346099957372,59.8184371228155
0.75,-0.25,6.90456153926842,0.649293225294567,-3.07431378580931,60.9107118886959
0.833333333333333,-0.25,6.89226192892658,-1.09545022800317,-2.67798596214934,60.9898565442341
0.916666666666667,-0.25,6.74856062403463,-2.447236386881,-2.2138961638321,60.1144551852739
1,-0.25,6.50729015140474,-3.3935759742703,-1.73799210590326,58.4092596557131
-1,-0.166666666666667,0.859443020832134,-0.577687630002599,1.17655337894502,31.6629462880396
-0.916666666666667,-0.166666666666667,0.803691422610937,-0.766072725784639,1.22544357714094,30.8592548654287
-0.833333333333333,-0.166666666666667,0.736475013325409,-0.832184885089038,1.15438980407365,30.1227798521032
-0.75,-0.166666666666667,0.669082290360615,-0.750031907133486,0.991322132324879,29.4536975617426
-0.666666666666667,-0.166666666666667,0.614175423526834,-0.515059647905913,0.772348917559795,28.8395221382158
-0.583333333333333,-0.166666666666667,0.584127899466312,-0.139400420803348,0.532047864068075,28.2553942387495
-0.5,-0.166666666666667,0.589987096386043,0.358394647364113,0.295544931040703,27.6654071423634
-0.416666666666667,-0.166666666666667,0.641358909392312,0.96446910977499,0.0739618324833047,27.0461740659184
-0.333333333333333,-0.166666666666667,0.747098001098418,1.6766301461703,-0.136615396550088,26.5552438453987
-0.25,-0.166666666666667,0.916308344980353,2.5034222564658,-0.353405249964589,26.6807513436399
-0.166666666666667,-0.166666666666667,1.15892219477661,3.45377397341911,-0.603240936182714,27.4330415008281
-0.0833333333333334,-0.166666666666667,1.48510188131759,4.51866673909858,-0.91716060062772,28.5919636956047
0,-0.166666666666667,1.90296230415017,5.6500111124471,-1.32304194032991,30.0770655769223
0.0833333333333333,-0.166666666666667,2.41468754062177,6.74568153577781,-1.83638379664353,31.9800278810725
0.166666666666667,-0.166666666666667,3.01194525066082,7.65128325407485,-2.45070400379328,34.3947154216942
0.25,-0.166666666666667,3.67230159149048,8.18583607365677,-3.13078089190144,37.4066606723551
0.333333333333333,-0.166666666666667,4.35862753293573,8.18908221522259,-3.81278096095929,41.0789622638455
0.416666666666667,-0.166666666666667,5.02284151092623,7.57576228424908,-4.41394164027242,45.4375897967813
0.5,-0.166666666666667,5.61375885992383,6.37412609015824,-4.85081750161909,49.1876570761669
0.583333333333333,-0.166666666666667,6.08694627738257,4.72898520975553,-5.06072618268236,51.654043272199
0.666666666666667,-0.166666666666667,6.41331993005465,2.86450988003484,-5.01851833055076,53.4051171927609
0.75,-0.166666666666667,6.58354030797229,1.02119006779713,-4.74203551024734,54.3271715807236
0.833333333333333,-0.166666666666667,6.60698503042176,-0.606555970245104,-4.28432785063899,54.3828715138123
0.916666666666667,-0.166666666666667,6.50630476566271,-1.90801042033657,-3.71638278688469,53.6081504196112
1,-0.166666666666667,6.31009893428002,-2.85945591530252,-3.10766161532303,52.099160721433
-1,-0.0833333333333334,0.978549992487185,-0.490205851821401,1.729491315752,31.5299127028123
-0.916666666666667,-0.0833333333333334,0.924968463008471,-0.815505835731811,1.72753658293093,30.6049442398039
-0.833333333333333,-0.0833333333333334,0.849274466240726,-0.994401023087166,1.58884327932426,29.7556697735631
-0.75,-0.0833333333333334,0.765317756399365,-0.987751433174788,1.34743023116312,28.9903520171638
-0.666666666666667,-0.0833333333333334,0.689034486581979,-0.788447721150753,1.04628565277055,28.3013175305818
-0.583333333333333,-0.0833333333333334,0.63591038821836,-0.415863130697769,0.725978887874401,27.6654071423634
-0.5,-0.0833333333333334,0.619233076445022,0.0976154252008032,0.41546045131633,27.0461740659184
-0.416666666666667,-0.0833333333333334,0.649574270878564,0.721716942590567,0.12694029134529,26.3965997950398
-0.333333333333333,-0.0833333333333334,0.735399042428174,1.43872348867777,-0.14498381332978,25.8198448029705
-0.25,-0.0833333333333334,0.884236090399084,2.24496978999841,-0.420907167959461,25.7965152532409
-0.166666666666667,-0.0833333333333334,1.1036000459102,3.14226626182879,-0.731992057571884,26.3294414549179
-0.0833333333333334,-0.0833333333333334,1.40088229919798,4.12138747195128,-1.11360580161155,27.4128745988977
0,-0.0833333333333334,1.78172370584431,5.14296306871544,-1.5971175888279,28.8137568980957
0.0833333333333333,-0.0833333333333334,2.2469322993245,6.12378393562238,-2.20000355208367,30.59548060394
0.166666666666667,-0.0833333333333334,2.78872499469073,6.93730611501233,-2.91574885362085,32.8424129032645
0.25,-0.0833333333333334,3.38772231945643,7.4340294611194,-3.70681365221288,35.6311378979552
0.333333333333333,-0.0833333333333334,4.01234364501232,7.47972853705514,-4.50477403904808,38.8588196245981
0.416666666666667,-0.0833333333333334,4.62172037874662,6.99971072239398,-5.22037287245345,41.5640745154622
0.5,-0.0833333333333334,5.17198066735973,6.01090495381804,-5.76250072244449,44.0156764088072
0.583333333333333,-0.0833333333333334,5.62425899550651,4.62593315933955,-6.06066038639961,46.0297842766925
0.666666666666667,-0.0833333333333334,5.95183976415531,3.02497270912223,-6.08285807885984,47.4532774286056
0.75,-0.0833333333333334,6.14405605539722,1.40634708551381,-5.84204621081117,48.1831155253263
0.833333333333333,-0.0833333333333334,6.20589557260555,-0.06355082494931,-5.38896405797633,48.1769759412067
0.916666666666667,-0.0833333333333334,6.15400777355554,-1.28192331221184,-4.79499004747277,47.4541426460557
1,-0.0833333333333334,6.01103394685222,-2.21482008457743,-4.13230070160839,46.0881267745808
-1,0,1.13804308348678,-0.442703737010364,2.10351743631476,31.5018346243671
-0.916666666666667,0,1.08270704152003,-0.920437294332577,2.06080887807396,30.4191275828471
-0.833333333333333,0,0.993470119720134,-1.22312680878279,1.87264392627849,29.4256574631269
-0.75,0,0.887172856932991,-1.29726513157656,1.57665739605398,28.5384846061939
-0.666666666666667,0,0.783505316234192,-1.13337638715625,1.21976011194239,27.7549792899597
-0.583333333333333,0,0.701481763517426,-0.759497135623044,0.845865950647051,27.0534975264423
-0.5,0,0.656897731402462,-0.223973079167705,0.486065831497251,26.3965997950398
-0.416666666666667,0,0.661375458537596,0.424339820540909,0.153316226667355,25.7352243365023
-0.333333333333333,0,0.722909370893449,1.15052024472421,-0.158182272382879,25.0969354320771
-0.25,0,0.847259560576129,1.93779383691028,-0.470024908609878,24.9492556926647
-0.166666666666667,0,1.03928454444625,2.7807457244853,-0.814382277064607,25.2901569104716
-0.0833333333333334,0,1.30338111232998,3.67043535082547,-1.22723919357186,26.1094934865677
0,0,1.64254679314578,4.57701270263691,-1.74016960337087,27.3585534085051
0.0833333333333333,0,2.05611412237479,5.43702835092184,-2.37083510598453,28.9785730567788
0.166666666666667,0,2.53681671028575,6.15252865589588,-3.11353150037315,30.8974989112962
0.25,0,3.0683549216912,6.60615545967644,-3.93269284919655,33.02218666511
0.333333333333333,0,3.62477894908727,6.69046362108117,-4.76304041859548,35.2340406755108
0.416666666666667,0,4.17258659649482,6.3423350460897,-5.51885138445121,37.3914879189674
0.5,0,4.67546705414341,5.56866022789073,-6.11149086728169,39.3402093546638
0.583333333333333,0,5.10048119772237,4.45117748791883,-6.4703114899987,40.9293030789701
0.666666666666667,0,5.42373638522167,3.12693356559226,-6.55961830791432,42.0295410433839
0.75,0,5.63373393592822,1.75203201000933,-6.38537982951339,42.5493815893981
0.833333333333333,0,5.73152157919435,0.463658904020381,-5.98954862470569,42.4454543620124
0.916666666666667,0,5.72806223252697,-0.645417848088936,-5.43504101011987,41.7260804135287
1,0,5.64015949296543,-1.53350517808359,-4.78782267553886,40.4479672816154
-1,0.0833333333333333,1.31858900880693,-0.42681642387481,2.18315309750705,31.5252196167007
-0.916666666666667,0.0833333333333333,1.25870402351945,-1.0610472763771,2.11729224232979,30.2665155931813
-0.833333333333333,0.0833333333333333,1.15285420938329,-1.48980763576358,1.91037327096601,29.113661383798
-0.75,0.0833333333333333,1.02102841161873,-1.64506327692591,1.59944162693988,28.0926329721793
-0.666666666666667,0.0833333333333333,0.886826578600798,-1.51521529073853,1.23033673389406,27.2058063935785
-0.583333333333333,0.0833333333333333,0.77291461073716,-1.13751939576208,0.845759609192087,26.4328917828413
-0.5,0.0833333333333333,0.697667446339059,-0.576932814885334,0.475781069839309,25.7352243365023
-0.416666666666667,0.0833333333333333,0.673779120824331,0.0986108753596948,0.132824974067702,25.0614452156779
-0.333333333333333,0.0833333333333333,0.708765857795548,0.836853777560698,-0.188706132300309,24.3881695742815
-0.25,0.0833333333333333,0.806615891281982,1.60819131952825,-0.509292453206089,24.1426398013827
-0.166666666666667,0.0833333333333333,0.969562914273738,2.40052130023729,-0.859044127752306,24.3205939961979
-0.0833333333333334,0.0833333333333333,1.19908459028769,3.20562551893895,-1.27119841910139,24.91040889628
0,0.0833333333333333,1.49562927269608,4.0030384462584,-1.77459361912073,25.862924135809
0.0833333333333333,0.0833333333333333,1.85710357429356,4.74798133206826,-2.38532824193052,27.1214694824853
0.166666666666667,0.0833333333333333,2.27667941529544,5.36903270855498,-3.09867738733454,28.6208194960008
0.25,0.0833333333333333,2.74086575847582,5.7784921137741,-3.88361511582134,30.2813209066342
0.333333333333333,0.0833333333333333,3.22887979726722,5.89382779258392,-4.68294112426393,32.0051608782436
0.416666666666667,0.0833333333333333,3.7140241362822,5.66339478203739,-5.42104530463559,33.6774637826852
0.5,0.0833333333333333,4.1670660568828,5.08635972415119,-6.01863947244414,35.173143297781
0.583333333333333,0.0833333333333333,4.56078540232891,4.21798331055045,-6.4104737807857,36.3685176766412
0.666666666666667,0.0833333333333333,4.8743122167901,3.15736403062514,-6.56003571755859,37.1552288265938
0.75,0.0833333333333333,5.09592312566285,2.02257418434204,-6.46594659445316,37.4534584637353
0.833333333333333,0.0833333333333333,5.22360070904631,0.923380658357065,-6.15810963723593,37.2218536529661
0.916666666666667,0.0833333333333333,5.26354077678056,-0.0585053214321007,-5.68588613186467,36.4625396367482
1,0.0833333333333333,5.2274569375754,-0.876817926522033,-5.10343618300571,35.22051034404
-1,0.166666666666667,1.49267493382839,-0.430001858610551,1.89900545609056,31.4974928283244
-0.916666666666667,0.166666666666667,1.42710845122416,-1.2085084609345,1.83222588984937,30.0703843771002
-0.833333333333333,0.166666666666667,1.30446268862811,-1.75332983112528,1.64497751050445,28.7659216884721
-0.75,0.166666666666667,1.14763547231462,-1.98323340557207,1.36841540249411,27.6182862161575
-0.666666666666667,0.166666666666667,0.983822053579755,-1.88484243858982,1.04103262871834,26.6344641625778
-0.583333333333333,0.166666666666667,0.83903195692552,-1.50404703633212,0.698549312510821,25.7954322056522
-0.5,0.166666666666667,0.733986989974317,-0.921161306988427,0.365888579839568,25.0614452156779
-0.416666666666667,0.166666666666667,0.682339808796301,-0.221596947896341,0.0529816697322882,24.3791054068816
-0.333333333333333,0.166666666666667,0.691152531043442,0.526713445152205,-0.2454451522096,23.6970170432381
-0.25,0.166666666666667,0.762799556574337,1.28283153110499,-0.547069398769828,23.3798402448084
-0.166666666666667,0.166666666666667,0.897159273383164,2.02904940232901,-0.877386399177693,23.4234347228147
-0.0833333333333334,0.166666666666667,1.09312447929482,2.75818236612593,-1.26414873043137,23.8172844169852
0,0.166666666666667,1.34891312504465,3.4582495487242,-1.73110650600981,24.5140110107643
0.0833333333333333,0.166666666666667,1.66119452098678,4.10070765689265,-2.29125606062084,25.4602749614985
0.166666666666667,0.166666666666667,2.02350971742199,4.63682024190604,-2.94042022239351,26.5973097785788
0.25,0.166666666666667,2.42475709697461,5.00412280307483,-3.65293247611702,27.8565638096595
0.333333333333333,0.166666666666667,2.84855528726609,5.14149523346319,-4.38169086761846,29.1566055909775
0.416666666666667,0.166666666666667,3.27403820819285,5.00782623167924,-5.06413558424441,30.4034255744923
0.5,0.166666666666667,3.67812685018352,4.59717072234231,-5.63367999745901,31.4950164475974
0.583333333333333,0.166666666666667,4.03873908960174,3.94415515709747,-6.03362090072408,32.3297785870395
0.666666666666667,0.166666666666667,4.33800537712545,3.11731435464733,-6.2289821741075,32.8172234494684
0.75,0.166666666666667,4.56455611375549,2.20322576741268,-6.21219944430988,32.8889023499798
0.833333333333333,0.166666666666667,4.71433707127404,1.28790506140657,-6.00098467295238,32.5075165816921
0.916666666666667,0.166666666666667,4.78997712937611,0.442017138774276,-5.62986900963711,31.672562507372
1,0.166666666666667,4.79918149254799,-0.286619121188814,-5.13915951674511,30.421328851492
-1,0.25,1.62965089050545,-0.43773302100607,1.258066031723,31.3095509723517
-0.916666666666667,0.25,1.559169471271,-1.3301302459344,1.21299768404122,29.7503815010807
-0.833333333333333,0.25,1.4228066024645,-1.96739320265857,1.08387523482616,28.3275748986162
-0.75,0.25,1.24567981519254,-2.25806839526377,0.890674727293206,27.0818950834237
-0.666666666666667,0.25,1.05773338333167,-2.18746504091998,0.658310818487773,26.024161700092
-0.583333333333333,0.25,0.887523213134401,-1.8082889002895,0.409787271080042,25.1366384869576
-0.5,0.25,0.757533080076001,-1.2129162415851,0.160725678903517,24.3791054068816
-0.416666666666667,0.25,0.682088363643549,-0.500453292520542,-0.083531289787131,23.6970170432381
-0.333333333333333,0.25,0.66781889262163,0.248944287861319,-0.328105679731305,23.0291981506164
-0.25,0.25,0.715766238371357,0.985611686976307,-0.586670395295674,22.6640740064371
-0.166666666666667,0.25,0.823912031348903,1.68771797313774,-0.878225384970099,22.5995226914658
-0.0833333333333334,0.25,0.989098616567633,2.34925043739697,-1.22308579583006,22.8281858004176
0,0.25,1.20780287797096,2.96526265996804,-1.63827287581768,23.3062081327934
0.0833333333333333,0.25,1.47576178109531,3.52026241618195,-2.13249227450942,23.9845131804032
0.166666666666667,0.25,1.78686702698774,3.98353454738929,-2.70134005111362,24.810442751591
0.25,0.25,2.13197020337808,4.31263486929292,-3.32404532694741,25.7245936062815
0.333333333333333,0.25,2.49824556130157,4.46365236695825,-3.96339564965777,26.658360029676
0.416666666666667,0.25,2.86955166196178,4.40453121846192,-4.5699827429575,27.5338739125305
0.5,0.25,3.22786882887965,4.12652172860986,-5.09047920934558,28.2671476187178
0.583333333333333,0.25,3.5554871085308,3.64944964396918,-5.47788074943454,28.7742914785087
0.666666666666667,0.25,3.83734114661774,3.01898358119392,-5.70049611612493,28.9798823028506
0.75,0.25,4.06285690345836,2.29734825993733,-5.74670534369783,28.8260454465214
0.833333333333333,0.25,4.2268935444631,1.55127814691109,-5.62413744882662,28.280623037229
0.916666666666667,0.25,4.329704790022,0.841252800892178,-5.35412031228013,27.34285771735
1,0.25,4.37612844243941,0.214363430306719,-4.96390853241611,26.0452004090526
-1,0.333333333333333,1.70265482401421,-0.436088815870672,0.354225397881502,30.8738612437669
-0.916666666666667,0.333333333333333,1.62978711509767,-1.39613221605011,0.349317057868981,29.2440741286692
-0.833333333333333,0.333333333333333,1.48573370191886,-2.09044861251766,0.308244738994268,27.7583404267503
-0.75,0.333333333333333,1.29674066004935,-2.42176489758996,0.235805602703021,26.461599766701
-0.666666666666667,0.333333333333333,1.09418324377379,-2.37462467441769,0.138676922173131,25.3674165229272
-0.583333333333333,0.333333333333333,0.907933135494833,-2.00564408390714,0.022887352514811,24.4594833874324
-0.5,0.333333333333333,0.761337252246071,-1.41420192178688,-0.108317685303105,23.6981461351863
-0.416666666666667,0.333333333333333,0.668947984569864,-0.707464527360435,-0.2557539506443,23.0291981506164
-0.333333333333333,0.333333333333333,0.636967330097156,0.0271020104927744,-0.424596551905265,22.3922308205193
-0.25,0.333333333333333,0.665467218152292,0.73455002679137,-0.623799096157407,21.9986067882848
-0.166666666666667,0.333333333333333,0.751119800999179,1.39063667163883,-0.86476380553353,21.8484028904667
-0.0833333333333334,0.333333333333333,0.889382307195737,1.99047559320821,-1.15929689686911,21.9388034932219
0,0.333333333333333,1.07558823609208,2.53437224392248,-1.51683422117896,22.2306198967013
0.0833333333333333,0.333333333333333,1.3049294144594,3.01644505806549,-1.94108242041446,22.6795837659438
0.166666666666667,0.333333333333333,1.57169701803143,3.41925931207276,-2.42662132115783,23.2387457335596
0.25,0.333333333333333,1.86832593751194,3.7152221976732,-2.95647888156596,23.8562676687695
0.333333333333333,0.333333333333333,2.18476980996152,3.87341775770702,-3.50188672097609,24.4735902197144
0.416666666666667,0.333333333333333,2.50856518225276,3.86908735406868,-4.02504769733514,25.0253087302778
0.5,0.333333333333333,2.82568033683708,3.69232715924426,-4.48476878583084,25.4414672818807
0.583333333333333,0.333333333333333,3.12196802956796,3.35305181416889,-4.84360503476422,25.6523234489407
0.666666666666667,0.333333333333333,3.38484596713072,2.88080882188879,-5.0743503812162,25.5950363357199
0.75,0.333333333333333,3.60478337740946,2.31999960277189,-5.16380241864454,25.221262069112
0.833333333333333,0.333333333333333,3.77627835510033,1.7225202138984,-5.11274797729513,24.5043446821286
0.916666666666667,0.333333333333333,3.8981972461648,1.14010505330779,-4.9325670201636,23.4446604711852
1,0.333333333333333,3.97351243113336,0.617817544622401,-4.6400253691341,22.0716879779192
-1,0.416666666666667,1.69541973298056,-0.414105770792039,-0.648850006953117,30.1472744552131
-0.916666666666667,0.416666666666667,1.62396617336593,-1.38615130841286,-0.602882834624019,28.5233082818472
-0.833333333333333,0.416666666666667,1.4802159729881,-2.09535468373154,-0.541281064729526,27.0430923088591
-0.75,0.416666666666667,1.29019883606329,-2.4438397633638,-0.476113100255282,25.7528934727958
-0.666666666666667,0.416666666666667,1.08511120071656,-2.41592866148017,-0.420793952772702,24.6677822720792
-0.583333333333333,0.416666666666667,0.894645931737627,-2.06853537166042,-0.387885573594349,23.7731363403416
-0.5,0.416666666666667,0.74192595759274,-1.50188731991668,-0.387613543340815,23.0312103827489
-0.416666666666667,0.416666666666667,0.641190741108213,-0.824470174447878,-0.427444110084685,22.3900196416406
-0.333333333333333,0.416666666666667,0.598207989541425,-0.125325652267227,-0.512605674410349,21.7940228309779
-0.25,0.416666666666667,0.612485736952964,0.539163649939656,-0.647071895352769,21.3861210513318
-0.166666666666667,0.416666666666667,0.680035629072255,1.14408428041077,-0.834368271988284,21.1683672613944
-0.0833333333333334,0.416666666666667,0.795650629722042,1.6854653744159,-1.07764128403363,21.1431528634998
0,0.416666666666667,0.954160105691034,2.16695477382574,-1.37869669313412,21.2764597910103
0.0833333333333333,0.416666666666667,1.1506364083812,2.58894350880072,-1.73610541289786,21.5289473575626
0.166666666666667,0.416666666666667,1.37987665413478,2.94292259511924,-2.14290531336023,21.8588690794248
0.25,0.416666666666667,1.63562599621467,3.21151699222573,-2.58476630573217,22.2206416725549
0.333333333333333,0.416666666666667,1.9099796877934,3.37298090344542,-3.03956588821264,22.563610531921
0.416666666666667,0.416666666666667,2.19326099473942,3.40800601519153,-3.47901013633622,22.8320477355384
0.5,0.416666666666667,2.47447878560241,3.30642946290918,-3.872252514397,22.9669884962783
0.583333333333333,0.416666666666667,2.74227730805324,3.07181313984461,-4.1906522172181,22.9100461408875
0.666666666666667,0.416666666666667,2.9861528294463,2.72279562517537,-4.41225812832866,22.6088835062736
0.75,0.416666666666667,3.19766212446896,2.29125327638999,-4.52461458490316,22.023599944643
0.833333333333333,0.416666666666667,3.37138552115238,1.81815642511416,-4.52509314182583,21.1329591609763
0.916666666666667,0.416666666666667,3.50549370178201,1.34822281821076,-4.41887778942309,19.9391667694032
1,0.416666666666667,3.60184880619635,0.924107365337656,-4.21554382205311,18.4698391717229
-1,0.5,1.6066971001942,-0.365216236032029,-1.55918729658533,28.9445292394644
-0.916666666666667,0.5,1.54101757208704,-1.29338093477116,-1.46073934627526,27.6035561184252
-0.833333333333333,0.5,1.4061252902888,-1.97556902005025,-1.29980933394571,26.1974308281364
-0.75,0.5,1.22644765803151,-2.31847469793449,-1.10429840026398,24.9709831701048
-0.666666666666667,0.5,1.0313585101688,-2.30661034425823,-0.906273969310423,23.939624659936
-0.583333333333333,0.5,0.848856582083142,-1.99339140083389,-0.735390320317164,23.0907680778529
-0.5,0.5,0.700748436212257,-1.47356425875574,-0.614085207368331,22.3900196416406
-0.416666666666667,0.5,0.600427874457376,-0.850087747618267,-0.555642030254111,21.7895917671833
-0.333333333333333,0.5,0.553233886311754,-0.207851580142826,-0.565000246210778,21.2407889446661
-0.25,0.5,0.558523459610106,0.39905403205911,-0.641273427393341,20.8275975917217
-0.166666666666667,0.5,0.612291023059096,0.94660681409795,-0.78059774499124,20.5560762383353
-0.0833333333333334,0.5,0.709366412069462,1.4314104811324,-0.978164607591292,20.4337864514304
0,0.5,0.844689413561349,1.85859999009312,-1.22885843139786,20.4317703774489
0.0833333333333333,0.5,1.01362847488819,2.23184200121929,-1.52655391338579,20.5153188826744
0.166666666666667,0.5,1.21162235495648,2.54782226266519,-1.86263117241845,20.6472467244683
0.25,0.5,1.43354068793538,2.79549264333265,-2.22453683317916,20.7871009846195
0.333333333333333,0.5,1.67312731464894,2.95901019750049,-2.59520729522513,20.8904832172721
0.416666666666667,0.5,1.92277516767994,3.02270896570298,-2.95387446630462,20.9092725678584
0.5,0.5,2.17373812376878,2.97638727532581,-3.27826402393834,20.7932503725095
0.583333333333333,0.5,2.41675134441978,2.81950129857869,-3.54763892360221,20.4932947964677
0.666666666666667,0.5,2.64293311863208,2.56340276657823,-3.74576300358123,19.9659503876415
0.75,0.5,2.84479205808578,2.23136781938567,-3.86284026661885,19.1788078865572
0.833333333333333,0.5,3.01716055373081,1.85660878132854,-3.8958473652507,18.1157986072454
0.916666666666667,0.5,3.15789846330279,1.47859257797731,-3.84726226571184,16.7812683061004
1,0.5,3.26823459907519,1.13787073452563,-3.7227502062112,15.2016045726477
-1,0.583333333333333,1.45072625428906,-0.287372504606687,-2.20820946368114,27.4938029851753
-0.916666666666667,0.583333333333333,1.39500758852403,-1.12495428188055,-2.06360323458306,26.549619302648
-0.833333333333333,0.583333333333333,1.27664287121538,-1.7457309770287,-1.82235986671044,25.2729764314326
-0.75,0.583333333333333,1.11724892231424,-2.06521583113717,-1.52481633966586,24.1557275091183
-0.666666666666667,0.583333333333333,0.942964240824331,-2.06825473659517,-1.21738444312883,23.212763268294
-0.583333333333333,0.583333333333333,0.778808164650477,-1.80131104363801,-0.942594733494606,22.4339551036435
-0.5,0.583333333333333,0.644363336460263,-1.34807024343032,-0.731771139218529,21.7895917671833
-0.416666666666667,0.583333333333333,0.551760354386065,-0.800015866997683,-0.60199397172721,21.2378314127972
-0.333333333333333,0.583333333333333,0.505956791593607,-0.232985903887306,-0.55722217445543,20.7348321530725
-0.25,0.583333333333333,0.506550945283781,0.304322143286839,-0.592089323662004,20.3210466464379
-0.166666666666667,0.583333333333333,0.550099771530602,0.789968376611094,-0.696408253017411,20.0059764668047
-0.0833333333333334,0.583333333333333,0.632086717367665,1.2206957861329,-0.858768466658399,19.8016997340627
0,0.583333333333333,0.748094814123435,1.60146614753846,-1.06841475705766,19.6836755633255
0.0833333333333333,0.583333333333333,0.894149377298896,1.93670700864372,-1.31542900533184,19.6211695053755
0.166666666666667,0.583333333333333,1.06646092892433,2.22527658002498,-1.58981804735512,19.580785795544
0.25,0.583333333333333,1.26089514157331,2.45933625199179,-1.88034434590696,19.5262058430462
0.333333333333333,0.583333333333333,1.47246811943071,2.62625988931064,-2.17385639163421,19.4180150978414
0.416666666666667,0.583333333333333,1.69507516016604,2.7123323901366,-2.45557060466355,19.2141974076924
0.5,0.583333333333333,1.92155655217904,2.70702513069325,-2.71033651018553,18.8716938203305
0.583333333333333,0.583333333333333,2.14411039384854,2.60686077220371,-2.92451150808875,18.3491844026192
0.666666666666667,0.583333333333333,2.35499064750362,2.41817115645242,-3.08781471409292,17.6109597401379
0.75,0.583333333333333,2.54738106562543,2.15832602725352,-3.19451556126866,16.6314268209318
0.833333333333333,0.583333333333333,2.71630785466472,1.8551889660936,-3.24354714564814,15.3994907525807
0.916666666666667,0.583333333333333,2.85943629660965,1.5446085111587,-3.23752045350032,13.9218320094908
1,0.583333333333333,2.9775804735831,1.26575695862297,-3.18100003429338,12.2240240990646
-1,0.666666666666667,1.25358214816072,-0.181950715216628,-2.49393514277325,26.2402208370146
-0.916666666666667,0.666666666666667,1.21128324783106,-0.898566150570312,-2.31427818329593,25.4156491238861
-0.833333333333333,0.666666666666667,1.11513471012209,-1.43654163236608,-2.02113714361689,24.3393864748863
-0.75,0.666666666666667,0.983076706039807,-1.7228664948078,-1.66249389629088,23.3563097688465
-0.666666666666667,0.666666666666667,0.837030555600681,-1.74248727092636,-1.29310171274335,22.5192792132458
-0.583333333333333,0.666666666666667,0.698170554756688,-1.53219405812471,-0.962540695228131,21.8211086584892
-0.5,0.666666666666667,0.583277245691951,-1.16046910970862,-0.706462234573901,21.2378314127972
-0.416666666666667,0.666666666666667,0.502999259724708,-0.703013747518372,-0.543002420836214,20.7348321530725
-0.333333333333333,0.666666666666667,0.462027458986131,-0.223146941449598,-0.474211805269165,20.2728046940864
-0.25,0.666666666666667,0.460557004478931,0.237932418496073,-0.490736054557117,19.860489641959
-0.166666666666667,0.666666666666667,0.496185531936361,0.66105347284996,-0.577419535492846,19.5097909348683
-0.0833333333333334,0.666666666666667,0.565539722986263,1.04259388591433,-0.717927681662356,19.2361600110764
0,0.666666666666667,0.665259137657526,1.38596018737722,-0.897435416610837,19.0184164256679
0.0833333333333333,0.666666666666667,0.79230051137298,1.69436410910507,-1.10338823648004,18.8288689940025
0.166666666666667,0.666666666666667,0.943741498031078,1.96651094729117,-1.32497350426919,18.6370442975129
0.25,0.666666666666667,1.11634039286491,2.19536545213308,-1.55215114336642,18.4098654501813
0.333333333333333,0.666666666666667,1.30608840436617,2.36936485154948,-1.77496563212882,18.1119266934752
0.416666666666667,0.666666666666667,1.50792690281278,2.4752120740271,-1.98353954372439,17.7062705048796
0.5,0.666666666666667,1.71573065435981,2.50143438685309,-2.16877281527645,17.1559631659706
0.583333333333333,0.666666666666667,1.92259469044782,2.44201706268556,-2.32345527063365,16.4265897121713
0.666666666666667,0.666666666666667,2.1214088350586,2.29951954409273,-2.44332635250859,15.4895509050793
0.75,0.666666666666667,2.30565664224778,2.08712965128415,-2.52762787717384,14.325770178684
0.833333333333333,0.666666666666667,2.47033050736241,1.82911538254542,-2.57887769438163,12.9291602452183
0.916666666666667,0.666666666666667,2.61280933285058,1.55912916969299,-2.60187053237555,11.3090226766402
1,0.666666666666667,2.73350160186806,1.31590015829692,-2.60218070715466,9.49052249719652
-1,0.75,1.04670127615903,-0.0520172473361002,-2.40107974461705,25.1935195608556
-0.916666666666667,0.75,1.02029365402757,-0.636742983502692,-2.19849214149941,24.3953554698586
-0.833333333333333,0.75,0.949571084259705,-1.08596044342349,-1.88346049667798,23.4710253867797
-0.75,0.75,0.848345032503667,-1.33890982747712,-1.50664162629386,22.6226803542761
-0.666666666666667,0.75,0.733855886054301,-1.37998127284051,-1.12491530556771,21.8888244682218
-0.583333333333333,0.75,0.623069753786581,-1.23446998018418,-0.788885588487542,21.2657547144352
-0.5,0.75,0.52977981088678,-0.953245142346371,-0.533820647972083,20.7359749035484
-0.416666666666667,0.75,0.463170209462026,-0.593877008365618,-0.376078250176964,20.2728046940864
-0.333333333333333,0.75,0.427860206194498,-0.205383011147497,-0.314829239720321,19.8449444878919
-0.25,0.75,0.424956304963635,0.179501341305277,-0.337206414147029,19.4355333369953
-0.166666666666667,0.75,0.453460724779468,0.544509539127058,-0.424425695230196,19.0563302100889
-0.0833333333333334,0.75,0.511491865550342,0.885092756033856,-0.55688173714955,18.7246681455261
0,0.75,0.59702716685078,1.202016671808,-0.717225132727028,18.4213892588172
0.0833333333333333,0.75,0.708131031935174,1.49581763347524,-0.891430509816482,18.1207379620673
0.166666666666667,0.75,0.842793017940929,1.76334431180543,-1.06850657885186,17.794251279572
0.25,0.75,0.998562148139224,1.99656501438028,-1.23969037567007,17.411303302042
0.333333333333333,0.75,1.17215507793697,2.18328327406352,-1.39780972015062,16.9397716155383
0.416666666666667,0.75,1.35917904235412,2.30926510491032,-1.5371628112554,16.3470914625255
0.5,0.75,1.55406953650384,2.36130176315668,-1.65390967276202,15.6018936294668
0.583333333333333,0.75,1.75030359029304,2.33073560957391,-1.74670645743675,14.6762861218783
0.666666666666667,0.75,1.94090802855151,2.21690590310022,-1.81719946256367,13.5486428765278
0.75,0.75,2.11923259756585,2.02985124929191,-1.87004272351485,12.2065375811182
0.833333333333333,0.75,2.27989820312745,1.79149443064039,-1.91227671363152,10.6492620420909
0.916666666666667,0.75,2.41976408671028,1.53450723463773,-1.95213321699943,8.88925858992993
1,0.75,2.53869486711804,1.2982057105356,-1.99752456860955,6.95182763007848
-1,0.833333333333333,0.859743636718166,0.0992180028599798,-1.99392639225632,24.3337759241374
-0.916666666666667,0.833333333333333,0.850744739820838,-0.360949618351591,-1.77860256820919,23.5446107300377
-0.833333333333333,0.833333333333333,0.806304925795086,-0.729926728347541,-1.46668041178326,22.7383058042426
-0.75,0.833333333333333,0.736043312819161,-0.958218409128109,-1.10737975739782,22.0022624914235
-0.666666666666667,0.833333333333333,0.652541286393706,-1.02860695724527,-0.754567724830246,21.3497212050298
-0.583333333333333,0.833333333333333,0.56866446897826,-0.953916103704833,-0.45489294716885,20.7810567360515
-0.5,0.833333333333333,0.495401452828914,-0.766615483079391,-0.239351872874805,20.2856552832226
-0.416666666666667,0.833333333333333,0.440710795330728,-0.505626004657339,-0.120190141768201,19.8449444878919
-0.333333333333333,0.833333333333333,0.40941115089652,-0.205450261776596,-0.0929065850264588,19.4355333369953
-0.25,0.833333333333333,0.40379788898512,0.109549123062763,-0.141523325689669,19.0317354480102
-0.166666666666667,0.833333333333333,0.424537404988725,0.425642562675355,-0.244741588499742,18.6317928051001
-0.0833333333333334,0.833333333333333,0.471459682154454,0.736745016417234,-0.381054671965492,18.2532084633716
0,0.833333333333333,0.54404106311522,1.04015652017451,-0.531870702978443,17.8773481957019
0.0833333333333333,0.833333333333333,0.641538562727931,1.33271595974104,-0.682672259385098,17.4791993993394
0.166666666666667,0.833333333333333,0.762846817849433,1.60822005398473,-0.822856387695703,17.0314044617226
0.25,0.833333333333333,0.906194316084004,1.85632872839282,-0.945066743679301,16.505108985958
0.333333333333333,0.833333333333333,1.06880135825528,2.06289249258274,-1.04465281065471,15.870970257283
0.416666666666667,0.833333333333333,1.24661362788816,2.2115716960361,-1.11954921403632,15.1004778346373
0.5,0.833333333333333,1.43421327753078,2.28657650389663,-1.17052671101157,14.167680351936
0.583333333333333,0.833333333333333,1.62499100864664,2.27622104306591,-1.20153598747692,13.0512951132317
0.666666666666667,0.833333333333333,1.8116289662882,2.17675059828979,-1.21979518126436,11.7370139102396
0.75,0.833333333333333,1.9868894628471,1.99564001992103,-1.23535660172662,10.2196481182711
0.833333333333333,0.833333333333333,2.14463000349022,1.75337383505929,-1.26007650851494,8.50463203860064
0.916666666666667,0.833333333333333,2.28088049259698,1.48270064110223,-1.30612271487029,6.60837809733295
1,0.833333333333333,2.39474135296343,1.22459656180274,-1.3843023259501,4.55708627711505
-1,0.916666666666667,0.714872038228152,0.269064756363624,-1.38882534444313,23.6189038859093
-0.916666666666667,0.916666666666667,0.72406129087179,-0.0875337518131514,-1.16789618205132,22.8948425950375
-0.833333333333333,0.916666666666667,0.704977310046868,-0.395592329749483,-0.87561003761264,22.1898652849906
-0.75,0.916666666666667,0.663275762511797,-0.614582430805877,-0.557056568471237,21.5265895224788
-0.666666666666667,0.916666666666667,0.607265641469418,-0.724342973022118,-0.259759521657743,20.9193238810094
-0.583333333333333,0.916666666666667,0.546172264963862,-0.724897318068718,-0.0232162039018213,20.3731516160455
-0.5,0.916666666666667,0.488636638328068,-0.630760449086243,0.12830716021523,19.8845149777175
-0.416666666666667,0.916666666666667,0.441793738012844,-0.463070295043427,0.188101948268821,19.4427212397046
-0.333333333333333,0.916666666666667,0.410985791694406,-0.242785774845045,0.164748375082369,19.0317354480102
-0.25,0.916666666666667,0.399942642910083,0.0132189368274194,0.0769579085876992,18.6317928051001
-0.166666666666667,0.916666666666667,0.411171996437935,0.29300881018553,-0.0522948271792445,18.2206208086622
-0.0833333333333334,0.916666666666667,0.446334885104522,0.588321267288722,-0.200597993481816,17.8068735782671
0,0.916666666666667,0.506473821055457,0.892366473370076,-0.349040197252382,17.3708743746465
0.0833333333333333,0.916666666666667,0.592051751832473,1.19759557176649,-0.483314082831587,16.8871476475069
0.166666666666667,0.916666666666667,0.702820033113473,1.49394369838949,-0.593607013080821,16.3285844286091
0.25,0.916666666666667,0.83756606606394,1.76782828133215,-0.67404335403648,15.6675429198941
0.333333333333333,0.916666666666667,0.993812197500325,2.00214042119286,-0.722256411651223,14.8771580597826
0.416666666666667,0.916666666666667,1.16755745243959,2.17746203140343,-0.739325618877706,13.9329203821977
0.5,0.916666666666667,1.35316980067559,2.27462187198317,-0.729982573043286,12.8145105512604
0.583333333333333,0.916666666666667,1.54353656415939,2.27841410686713,-0.702781091980587,11.5077585490723
0.666666666666667,0.916666666666667,1.73055149829726,2.18190014972419,-0.669889010549607,10.0064624119423
0.75,0.916666666666667,1.90595391335939,1.99032383453488,-0.646278962555535,8.31369420491168
0.833333333333333,0.916666666666667,2.06244409172389,1.7234293407649,-0.648308371205664,6.44218794687675
0.916666666666667,0.916666666666667,2.19489707632391,1.4149930147727,-0.691892654596327,4.41348102100904
1,0.916666666666667,2.3014084552055,1.10873660682231,-0.790599602396558,2.25567782190955
-1,1,0.623689621665376,0.454871401214829,-0.719267209413077,23.1633128486652
-0.916666666666667,1,0.651346929355291,0.17347608274495,-0.497572492021703,22.5119659193099
-0.833333333333333,1,0.655633065594447,-0.0986695806337812,-0.2330798538978,21.8563328537155
-0.75,1,0.638639545072718,-0.327010228868208,0.0345148450660138,21.2176933086427
-0.666666666666667,1,0.604996445831824,-0.48700143668523,0.265474911519026,20.6126968628109
-0.583333333333333,1,0.560944157492693,-0.565960788831354,0.428739048291926,20.0517527053182
-0.5,1,0.51337944762938,-0.561640637955074,0.507644650960948,19.5383732576888
-0.416666666666667,1,0.46909545593418,-0.479083567155891,0.501373513915232,19.0692778017547
-0.333333333333333,1,0.434297095149232,-0.327367939175238,0.422451737923241,18.6349807066054
-0.25,1,0.414359897943217,-0.117217827608423,0.291835117597899,18.2206208086622
-0.166666666666667,1,0.413747230395107,0.140283232094657,0.133496288930796,17.8068735782671
-0.0833333333333334,1,0.435999203620615,0.434061768028593,-0.0299579836092134,17.3708743746465
0,1,0.483726727139565,0.752766342157724,-0.179918709977844,16.8871476475069
0.0833333333333333,1,0.558563218897823,1.08401007210414,-0.302739407577446,16.3285844286091
0.166666666666667,1,0.661041508715015,1.41334188702954,-0.389623961919139,15.6675429198941
0.25,1,0.790384860111433,1.72329881990939,-0.436147145276355,14.8771580597826
0.333333333333333,1,0.944237677584905,1.99308033100783,-0.441927818040977,13.9329203821977
0.416666666666667,1,1.11840983093731,2.19943458511851,-0.410637335889863,12.8145105512604
0.5,1,1.30675200218817,2.31913999811031,-0.350202712551351,11.5077585490723
0.583333333333333,1,1.50129613712993,2.33301107319139,-0.272871072417202,10.0064624119423
0.666666666666667,1,1.69276820703065,2.2307789166508,-0.194788068255591,8.31369420491168
0.75,1,1.87150625803493,2.01567786990979,-0.134890929509535,6.44218794687675
0.833333333333333,1,2.02870692586771,1.70728969180933,-0.113154764821699,4.41348102100904
0.916666666666667,1,2.15780319909949,1.34128054916056,-0.148456128354502,2.25567782190955
1,1,2.25567782190955,0.965160450486824,-0.256433449518934,0
